,股票,价,涨,ROE,股息,扣非PE,PB,市值(亿),今年来,行业
'1,002052.同洲电子,'16.75,'-1.93%,234.38%,'-,'37.06,'43.43,'126.03,'+169.29%,家电行业
'2,603363.傲农生物,'4.85,'+5.43%,180.58%,'-,'-,'3.97,'126.24,'+37.01%,农牧饲渔
'3,600671.天目药业,'19.44,'-1.87%,108.27%,'-,'62.42,'37.80,'23.67,'+121.41%,中药
'4,000953.河化股份,'7.22,'+0.56%,73.29%,'-,'300.00,'17.67,'26.43,'+29.16%,化学制药
'5,600132.重庆啤酒,'55.07,'-0.65%,64.93%,4.36%,'22.42,'16.47,'266.52,'-11.18%,酿酒行业
'6,300502.新易盛,'388.50,'+9.07%,64.51%,0.08%,'65.45,'31.92,'3860.58,'+372.48%,通信设备
'7,600610.中毅达,'13.27,'+1.53%,63.96%,'-,'300.00,'100.00,'94.34,'+213.71%,化学原料
'8,300972.万辰集团,'204.70,'-3.35%,59.93%,0.28%,'53.97,'23.68,'384.05,'+155.79%,农牧饲渔
'9,300641.正丹股份,'24.03,'-0.62%,57.04%,2.91%,'8.41,'3.91,'128.00,'-2.03%,化学制品
'10,605499.东鹏饮料,'314.94,'+1.94%,50.26%,2.20%,'42.81,'18.75,'1637.73,'+28.92%,食品饮料
'11,002629.仁智股份,'7.54,'+10.07%,49.15%,'-,'171.05,'71.44,'32.13,'+77.41%,采掘行业
'12,600329.达仁堂,'45.66,'-0.98%,46.48%,2.80%,'49.61,'4.00,'260.31,'+54.06%,中药
'13,300533.冰川网络,'41.80,'-3.80%,46.13%,'-,'17.74,'6.11,'98.01,'+111.54%,游戏
'14,600149.廊坊发展,'5.56,'+0.18%,45.86%,'-,'156.13,'8.94,'21.14,'+36.27%,电力行业
'15,002395.双象股份,'18.88,'+0.53%,45.19%,0.79%,'27.35,'3.39,'50.64,'+15.33%,塑料制品
'16,002032.苏泊尔,'51.61,'+0.35%,43.89%,5.44%,'20.18,'8.08,'413.58,'+1.83%,家电行业
'17,002668.TCL智家,'10.43,'-2.34%,43.71%,'-,'10.65,'3.69,'113.07,'-20.50%,家电行业
'18,301004.嘉益股份,'63.91,'-2.55%,42.20%,3.35%,'13.11,'4.73,'92.96,'-20.29%,家用轻工
'19,688278.特宝生物,'85.90,'+3.39%,39.89%,0.72%,'37.65,'12.68,'349.44,'+18.06%,生物制品
'20,600519.贵州茅台,'1476.10,'-0.26%,39.34%,3.50%,'20.55,'7.75,'18484.76,'-1.24%,酿酒行业
'21,300394.天孚通信,'222.16,'+11.90%,38.79%,0.32%,'112.14,'36.85,'1727.11,'+242.33%,通信设备
'22,002714.牧原股份,'54.80,'-0.29%,38.70%,2.57%,'10.49,'3.82,'2993.60,'+44.50%,农牧饲渔
'23,605117.德业股份,'63.74,'-1.41%,37.90%,4.26%,'18.57,'6.15,'576.50,'+8.56%,光伏设备
'24,300274.阳光电源,'99.20,'-0.67%,37.35%,1.09%,'15.46,'4.83,'2056.63,'+36.64%,光伏设备
'25,300492.华图山鼎,'67.10,'-1.26%,37.22%,0.27%,'103.13,'31.51,'131.97,'+29.48%,工程咨询服务
'26,600809.山西汾酒,'200.60,'-0.70%,36.95%,3.02%,'19.81,'6.82,'2447.25,'+12.74%,酿酒行业
'27,002847.盐津铺子,'75.53,'+1.37%,36.82%,2.12%,'32.74,'9.46,'206.03,'+22.19%,食品饮料
'28,000007.全新好,'7.63,'+0.93%,36.41%,'-,'300.00,'14.47,'26.43,'+8.53%,房地产服务
'29,601127.赛力斯,'143.89,'+5.10%,36.31%,0.89%,'35.56,'8.78,'2350.25,'+8.69%,汽车整车
'30,001221.悍高集团,'55.44,'+2.52%,35.03%,'-,'37.45,'11.02,'221.77,'+259.30%,家用轻工
'31,300308.中际旭创,'406.10,'+14.42%,34.91%,0.12%,'67.24,'19.77,'4512.25,'+230.12%,通信设备
'32,300441.鲍斯股份,'8.81,'+2.20%,34.87%,5.11%,'25.45,'2.34,'56.77,'+4.86%,通用设备
'33,601336.新华保险,'65.75,'-3.65%,34.53%,3.85%,'6.83,'2.46,'1371.18,'+36.38%,保险
'34,600066.宇通客车,'28.30,'+2.46%,34.51%,5.30%,'17.47,'4.76,'626.54,'+11.45%,汽车整车
'35,688578.艾力斯,'116.98,'+2.61%,34.29%,0.56%,'32.51,'8.59,'526.41,'+96.09%,化学制药
'36,603929.亚翔集成,'42.47,'-0.70%,34.24%,2.35%,'16.20,'4.99,'90.61,'+58.69%,装修装饰
'37,300209.有棵树,'5.26,'+2.94%,34.16%,'-,'-,'5.10,'48.85,'-2.77%,互联网服务
'38,300927.江天化学,'29.95,'+1.77%,33.20%,0.30%,'300.00,'4.54,'43.24,'+82.41%,化学原料
'39,301317.鑫磊股份,'36.41,'+4.03%,33.20%,0.82%,'-,'4.10,'57.23,'+84.64%,通用设备
'40,002027.分众传媒,'8.70,'+4.69%,33.16%,3.79%,'25.46,'7.69,'1256.47,'+27.33%,文化传媒
'41,605333.沪光股份,'33.01,'-0.87%,33.13%,0.70%,'21.18,'6.01,'144.18,'+2.00%,汽车零部件
'42,603699.纽威股份,'33.79,'+1.75%,32.66%,4.49%,'20.41,'6.30,'259.70,'+57.91%,通用设备
'43,603605.珀莱雅,'84.43,'+0.72%,32.11%,1.41%,'20.72,'5.84,'334.35,'+1.12%,美容护理
'44,300967.晓鸣股份,'24.71,'+1.27%,31.97%,0.81%,'18.22,'5.10,'46.35,'+112.50%,农牧饲渔
'45,300573.兴齐眼药,'77.54,'+14.65%,30.87%,1.38%,'37.31,'10.82,'190.24,'+57.55%,化学制药
'46,688617.惠泰医疗,'305.49,'+7.43%,30.68%,0.40%,'59.33,'15.42,'430.78,'+19.49%,医疗器械
'47,300724.捷佳伟创,'108.12,'+9.48%,30.52%,1.11%,'12.26,'3.01,'375.95,'+74.95%,光伏设备
'48,000523.红棉股份,'3.31,'+1.22%,30.33%,'-,'72.29,'3.19,'60.75,'+8.52%,食品饮料
'49,300476.胜宏科技,'270.37,'+1.15%,30.04%,0.11%,'82.45,'21.29,'2332.45,'+545.00%,电子元件
'50,601899.紫金矿业,'24.38,'+5.63%,29.99%,1.15%,'17.10,'4.56,'5019.53,'+63.59%,有色金属
'51,300628.亿联网络,'38.04,'+0.66%,29.82%,4.98%,'20.61,'5.60,'481.80,'+2.27%,通信设备
'52,300498.温氏股份,'18.01,'-0.99%,29.75%,1.94%,'10.45,'2.85,'1198.37,'+10.43%,农牧饲渔
'53,000568.泸州老窖,'135.85,'-0.98%,29.68%,4.38%,'15.32,'4.30,'1999.65,'+13.86%,酿酒行业
'54,002259.升达林业,'4.47,0.00%,29.58%,'-,'53.43,'12.55,'33.63,'+87.82%,燃气
'55,688648.中邮科技,'64.66,'+1.60%,29.56%,0.25%,'-,'3.90,'87.94,'+177.63%,通用设备
'56,300033.同花顺,'397.41,'-3.81%,29.37%,0.75%,'112.16,'31.16,'2136.48,'+39.64%,软件开发
'57,300926.博俊科技,'28.82,'-0.59%,29.29%,0.50%,'17.11,'4.06,'125.17,'+31.73%,汽车零部件
'58,603025.大豪科技,'16.74,'-0.89%,29.08%,2.08%,'28.15,'7.79,'186.93,'+12.74%,专用设备
'59,603129.春风动力,'272.00,'+1.99%,28.91%,1.42%,'24.34,'6.13,'415.01,'+76.96%,交运设备
'60,603195.公牛集团,'47.09,'-0.11%,28.78%,3.64%,'23.14,'5.79,'851.66,'-3.00%,家用轻工
'61,600375.汉马科技,'6.78,'+0.74%,28.60%,'-,'-,'3.27,'108.69,'+23.05%,汽车整车
'62,000526.学大教育,'48.17,'+0.08%,28.34%,'-,'26.24,'6.06,'58.70,'+14.53%,教育
'63,000010.美丽生态,'4.87,'+9.93%,28.00%,'-,'78.52,'18.31,'55.99,'+73.31%,工程建设
'64,689009.九号公司-WD,'73.17,'+0.03%,27.90%,1.53%,'29.50,'7.80,'528.64,'+56.93%,交运设备
'65,002690.美亚光电,'20.26,'+1.30%,27.89%,3.46%,'27.12,'7.12,'178.74,'+42.41%,专用设备
'66,300866.安克创新,'145.05,'+3.44%,27.84%,1.44%,'37.33,'8.51,'777.70,'+50.83%,消费电子
'67,001389.广合科技,'75.00,'-2.86%,27.84%,0.64%,'38.30,'9.40,'318.93,'+50.58%,电子元件
'68,002463.沪电股份,'69.80,'+1.47%,27.40%,0.72%,'43.62,'10.54,'1342.94,'+78.89%,电子元件
'69,002124.天邦食品,'3.03,0.00%,27.37%,'-,'8.65,'1.67,'67.32,'+8.60%,农牧饲渔
'70,002251.步步高,'5.85,'-1.35%,27.30%,'-,'-,'1.93,'157.29,'+48.10%,商业百货
'71,600285.羚锐制药,'23.31,'-0.51%,27.17%,3.86%,'19.14,'4.31,'132.19,'+9.33%,中药
'72,301611.珂玛科技,'58.52,'+0.19%,27.17%,0.34%,'75.06,'15.46,'255.15,'-0.56%,非金属材料
'73,600779.水井坊,'47.01,'-0.06%,26.96%,2.06%,'20.25,'4.76,'229.18,'-10.15%,酿酒行业
'74,605098.行动教育,'36.00,'+0.11%,26.64%,6.25%,'19.06,'4.29,'42.93,'+7.02%,教育
'75,002920.德赛西威,'126.37,'-0.60%,26.54%,0.95%,'30.38,'7.28,'701.29,'+16.17%,汽车零部件
'76,603893.瑞芯微,'233.99,'-5.00%,26.42%,0.38%,'112.22,'24.88,'984.46,'+113.83%,半导体
'77,600660.福耀玻璃,'65.81,'+0.23%,26.17%,2.74%,'20.03,'4.82,'1318.17,'+8.83%,玻璃玻纤
'78,002001.新和成,'24.83,'-0.28%,25.89%,2.82%,'10.38,'2.50,'763.13,'+16.62%,化学制药
'79,000651.格力电器,'41.41,'-2.79%,25.64%,7.24%,'7.69,'1.71,'2319.54,'-2.81%,家电行业
'80,002517.恺英网络,'22.30,'-4.17%,25.47%,0.90%,'27.43,'5.81,'476.43,'+64.81%,游戏
'81,603198.迎驾贡酒,'45.15,'-0.94%,25.38%,3.32%,'15.75,'3.70,'361.20,'-13.14%,酿酒行业
'82,603202.天有为,'101.58,'+0.22%,25.20%,2.45%,'14.99,'2.49,'162.53,'+11.40%,汽车零部件
'83,600211.西藏药业,'48.39,'+4.56%,25.03%,3.87%,'17.76,'3.75,'155.97,'+37.14%,生物制品
'84,688019.安集科技,'189.99,'+8.19%,25.03%,0.18%,'49.41,'10.51,'320.24,'+77.62%,电子化学品
'85,603529.爱玛科技,'36.06,'-1.74%,24.87%,2.54%,'15.06,'3.21,'313.38,'-10.63%,交运设备
'86,603173.福斯达,'52.12,'-2.56%,24.73%,0.96%,'21.17,'4.63,'83.39,'+129.35%,通用设备
'87,600096.云天化,'27.34,'+0.48%,24.73%,5.15%,'9.78,'2.20,'498.41,'+30.13%,化肥行业
'88,603993.洛阳钼业,'13.53,'+9.47%,24.72%,1.90%,'17.85,'3.92,'2362.45,'+109.99%,小金属
'89,600550.保变电气,'8.78,'+0.69%,24.69%,'-,'111.77,'23.86,'161.69,'+11.85%,电网设备
'90,688726.拉普拉斯,'50.10,'+0.91%,24.61%,0.74%,'32.39,'5.33,'203.07,'+12.38%,光伏设备
'91,688775.影石创新,'326.90,'+1.47%,24.43%,'-,'138.57,'24.06,'1310.87,'+591.56%,消费电子
'92,300570.太辰光,'142.15,'+1.76%,24.43%,0.56%,'93.22,'20.60,'322.86,'+97.25%,通信设备
'93,300300.海峡创新,'5.80,'+2.84%,24.36%,'-,'-,'23.62,'38.68,'+101.39%,互联网服务
'94,300910.瑞丰新材,'61.01,'-1.05%,24.15%,1.97%,'24.92,'5.22,'180.55,'+30.83%,化学制品
'95,000895.双汇发展,'25.61,'+1.55%,24.14%,8.04%,'18.50,'4.26,'887.30,'+4.15%,食品饮料
'96,603855.华荣股份,'20.61,'-3.24%,24.13%,4.85%,'15.22,'3.50,'69.56,'+6.62%,专用设备
'97,603259.药明康德,'111.58,'+8.02%,24.03%,1.21%,'29.52,'5.50,'2759.69,'+107.12%,医疗服务
'98,600662.外服控股,'5.43,'-1.27%,24.00%,4.42%,'27.92,'2.53,'123.99,'+11.69%,专业服务
'99,300857.协创数据,'105.21,'+5.04%,23.86%,0.20%,'49.40,'10.12,'364.15,'+38.18%,消费电子
'100,000858.五粮液,'128.87,'-0.51%,23.83%,4.46%,'15.50,'3.56,'5002.23,'-3.70%,酿酒行业
'101,300750.宁德时代,'304.00,'-0.71%,23.77%,2.23%,'26.58,'4.70,'13386.33,'+17.55%,电池
'102,300693.盛弘股份,'38.34,'-1.72%,23.75%,1.30%,'30.38,'6.49,'119.93,'+44.49%,电源设备
'103,300760.迈瑞医疗,'246.48,'+1.52%,23.56%,3.12%,'33.16,'7.65,'2988.43,'-2.51%,医疗器械
'104,002648.卫星化学,'20.00,'-0.45%,23.56%,2.50%,'10.04,'2.17,'673.73,'+9.65%,化学原料
'105,600988.赤峰黄金,'28.05,'+8.01%,23.47%,0.57%,'24.53,'4.59,'466.73,'+80.83%,贵金属
'106,603477.巨星农牧,'21.22,'+0.33%,23.42%,0.82%,'15.14,'3.26,'108.24,'+20.48%,农牧饲渔
'107,000596.古井贡酒,'170.40,'-0.53%,23.42%,3.52%,'16.25,'3.58,'696.25,'+2.60%,酿酒行业
'108,002172.澳洋健康,'4.27,'+3.14%,23.41%,'-,'117.35,'19.69,'32.70,'+36.42%,医疗服务
'109,603979.金诚信,'69.05,'+8.31%,23.28%,0.65%,'21.02,'4.36,'430.72,'+92.17%,采掘行业
'110,301061.匠心家居,'102.60,'-2.47%,23.23%,0.75%,'28.41,'5.70,'223.24,'+117.23%,家电行业
'111,300979.华利集团,'52.59,'-0.76%,23.04%,4.37%,'16.96,'3.80,'613.73,'-30.20%,纺织服装
'112,601702.华峰铝业,'17.76,'-0.67%,23.02%,1.69%,'14.89,'3.05,'177.34,'-1.22%,有色金属
'113,600961.株冶集团,'14.28,'+5.62%,23.01%,'-,'15.19,'3.25,'153.21,'+81.45%,有色金属
'114,000333.美的集团,'74.03,'+0.43%,22.97%,4.73%,'13.60,'2.63,'5200.41,'+3.17%,家电行业
'115,300893.松原安全,'31.01,'+1.04%,22.88%,0.46%,'34.92,'6.76,'98.28,'+49.64%,汽车零部件
'116,300415.伊之密,'25.05,'-0.71%,22.85%,2.00%,'18.40,'3.84,'117.37,'+27.93%,专用设备
'117,002056.横店东磁,'18.54,'-2.06%,22.84%,2.44%,'14.07,'2.89,'301.59,'+47.89%,光伏设备
'118,603207.小方制药,'34.95,'+3.04%,22.84%,4.29%,'27.02,'5.03,'56.12,'+30.72%,化学制药
'119,002170.芭田股份,'11.33,'+3.09%,22.78%,2.46%,'15.37,'2.97,'109.58,'+33.22%,化肥行业
'120,301491.汉桑科技,'67.22,'+3.83%,22.67%,'-,'37.29,'7.46,'86.71,'+132.51%,消费电子
'121,301609.山大电力,'50.75,'+0.99%,22.60%,'-,'63.58,'12.43,'82.66,'+246.18%,电网设备
'122,000921.海信家电,'25.17,'-1.02%,22.59%,4.89%,'12.81,'2.18,'232.89,'-8.48%,家电行业
'123,002311.海大集团,'60.77,'-1.19%,22.53%,1.81%,'19.59,'4.14,'1011.06,'+26.24%,农牧饲渔
'124,300896.爱美客,'196.90,'+1.50%,22.53%,1.93%,'39.60,'7.99,'595.80,'+10.29%,美容护理
'125,601919.中远海控,'15.19,'-0.59%,22.49%,10.25%,'4.74,'1.01,'1915.45,'+4.66%,航运港口
'126,002594.比亚迪,'109.70,'-3.82%,22.47%,1.21%,'26.14,'4.31,'5960.88,'+17.82%,汽车整车
'127,603551.奥普科技,'12.59,'+1.04%,22.46%,6.82%,'16.64,'3.74,'49.12,'+23.87%,家电行业
'128,002318.久立特材,'22.37,'-0.67%,22.41%,4.34%,'13.20,'2.82,'218.59,'-0.59%,钢铁行业
'129,600563.法拉电子,'120.00,'-2.27%,22.22%,1.67%,'24.12,'4.99,'270.00,'+2.84%,电子元件
'130,002970.锐明技术,'50.05,'-0.42%,22.21%,1.97%,'27.34,'4.84,'90.17,'+6.58%,计算机设备
'131,301031.中熔电气,'111.72,'+20.00%,22.09%,0.45%,'43.07,'8.47,'109.85,'+59.64%,电网设备
'132,300827.上能电气,'24.88,'-0.04%,22.05%,0.34%,'27.83,'5.51,'124.98,'-20.53%,光伏设备
'133,300795.米奥会展,'16.04,'+0.31%,21.99%,3.11%,'39.33,'8.56,'47.94,'+5.66%,文化传媒
'134,002555.三七互娱,'19.65,'-0.20%,21.90%,5.09%,'16.08,'3.34,'434.70,'+30.63%,游戏
'135,601225.陕西煤业,'20.33,'-0.25%,21.88%,6.63%,'11.46,'2.22,'1970.99,'-7.10%,煤炭行业
'136,000680.山推股份,'9.68,'+0.52%,21.86%,0.93%,'12.78,'2.56,'145.21,'+0.73%,工程机械
'137,301600.慧翰股份,'128.40,'+4.14%,21.86%,1.31%,'71.10,'11.04,'134.21,'-1.21%,通信设备
'138,300705.九典制药,'18.90,'+2.00%,21.80%,1.64%,'18.83,'3.65,'94.54,'+7.39%,化学制药
'139,002475.立讯精密,'45.27,'-1.54%,21.77%,0.44%,'26.62,'4.39,'3282.99,'+11.69%,消费电子
'140,002595.豪迈科技,'59.59,'-0.58%,21.73%,1.30%,'22.28,'4.29,'476.72,'+19.55%,专用设备
'141,300487.蓝晓科技,'56.06,'+1.72%,21.72%,1.28%,'36.09,'7.00,'284.60,'+18.50%,塑料制品
'142,301606.绿联科技,'65.35,'-3.19%,21.56%,0.92%,'54.28,'9.21,'271.14,'+74.99%,消费电子
'143,601628.中国人寿,'40.97,'-2.64%,21.54%,1.59%,'10.55,'2.21,'8531.40,'-1.16%,保险
'144,003006.百亚股份,'30.12,'-1.82%,21.51%,1.82%,'48.95,'9.16,'129.41,'+27.85%,美容护理
'145,002248.华东数控,'10.28,'+1.68%,21.50%,'-,'250.14,'37.04,'31.61,'+31.96%,通用设备
'146,300515.三德科技,'21.90,'+1.29%,21.45%,1.37%,'29.63,'5.57,'45.06,'+86.36%,仪器仪表
'147,603298.杭叉集团,'24.87,'+7.11%,21.42%,2.01%,'15.53,'3.00,'325.75,'+42.71%,工程机械
'148,002946.新乳业,'19.33,'-2.23%,21.41%,1.47%,'24.60,'5.08,'166.37,'+35.41%,食品饮料
'149,002884.凌霄泵业,'17.11,'-2.78%,21.41%,5.84%,'13.98,'2.79,'61.20,'-0.46%,通用设备
'150,605099.共创草坪,'33.09,'+2.07%,21.38%,1.93%,'23.36,'4.69,'132.90,'+60.76%,家用轻工
'151,000408.藏格矿业,'54.79,'+1.63%,21.37%,0.48%,'27.95,'5.47,'860.33,'+97.58%,化肥行业
'152,300529.健帆生物,'23.15,'+0.61%,21.33%,3.46%,'29.53,'5.92,'184.88,'-18.26%,医疗器械
'153,688313.仕佳光子,'83.49,'+0.58%,21.30%,0.07%,'147.19,'27.54,'383.05,'+410.21%,通信设备
'154,001337.四川黄金,'25.90,'+7.60%,21.26%,1.35%,'34.61,'6.91,'108.78,'+25.31%,贵金属
'155,300832.新产业,'62.52,'+0.16%,21.26%,2.08%,'31.11,'5.91,'491.23,'-9.75%,医疗器械
'156,300251.光线传媒,'19.87,'+0.56%,21.25%,1.01%,'29.42,'5.62,'582.91,'+112.83%,文化传媒
'157,688615.合合信息,'174.76,'-0.48%,21.24%,0.82%,'65.61,'9.09,'244.66,'+21.90%,软件开发
'158,000975.山金国际,'20.87,'+6.32%,21.18%,1.75%,'21.59,'4.27,'579.50,'+38.35%,贵金属
'159,002270.华明装备,'19.06,'-1.04%,21.12%,2.86%,'26.33,'5.40,'170.82,'+14.74%,电网设备
'160,603565.中谷物流,'11.17,'+6.69%,21.06%,7.07%,'15.65,'2.24,'234.58,'+23.33%,物流行业
'161,688100.威胜信息,'37.86,'-1.30%,21.00%,1.37%,'28.92,'5.61,'186.15,'+6.14%,通信设备
'162,600750.江中药业,'21.93,'+0.32%,20.99%,5.45%,'18.32,'3.53,'139.25,'-0.34%,中药
'163,603444.吉比特,'460.00,'+0.17%,20.94%,2.17%,'31.20,'6.26,'331.39,'+113.30%,游戏
'164,603568.伟明环保,'19.35,'+0.42%,20.91%,2.48%,'12.51,'2.37,'329.83,'-8.32%,环保行业
'165,603236.移远通信,'106.81,'-2.89%,20.90%,1.15%,'35.16,'6.35,'279.48,'+57.77%,通信设备
'166,688208.道通科技,'42.02,'-1.18%,20.88%,1.44%,'38.78,'7.61,'281.61,'+60.95%,计算机设备
'167,603194.中力股份,'39.95,'-2.23%,20.85%,1.58%,'19.05,'3.18,'160.20,'+13.29%,工程机械
'168,600873.梅花生物,'10.98,'-0.72%,20.85%,5.48%,'10.36,'2.09,'313.24,'+13.81%,化学制品
'169,600609.金杯汽车,'5.02,'-1.95%,20.81%,'-,'29.63,'4.37,'65.49,'-30.28%,汽车零部件
'170,603379.三美股份,'62.18,'+1.09%,20.80%,0.72%,'27.90,'5.28,'379.60,'+63.53%,化学制品
'171,301479.弘景光电,'101.43,'-1.31%,20.78%,1.06%,'53.28,'7.75,'90.24,'+242.40%,光学光电子
'172,603369.今世缘,'42.90,'-0.90%,20.72%,2.80%,'16.94,'3.30,'534.88,'-2.48%,酿酒行业
'173,600989.宝丰能源,'17.57,'+1.27%,20.65%,1.59%,'14.57,'2.88,'1288.47,'+7.11%,化学原料
'174,002553.南方精工,'32.61,'-3.98%,20.62%,0.61%,'99.85,'8.55,'113.48,'+154.77%,汽车零部件
'175,688018.乐鑫科技,'218.18,'+0.26%,20.58%,0.20%,'85.09,'14.06,'341.89,'+40.21%,半导体
'176,605599.菜百股份,'14.59,'+4.59%,20.51%,4.93%,'16.36,'2.89,'113.48,'+33.67%,珠宝首饰
'177,688516.奥特维,'42.18,'+3.89%,20.48%,5.83%,'17.64,'3.43,'132.95,'+2.16%,光伏设备
'178,300181.佐力药业,'18.90,'-0.84%,20.47%,3.17%,'22.57,'4.36,'132.56,'+27.61%,中药
'179,603355.莱克电气,'22.58,'-2.17%,20.44%,6.64%,'13.19,'2.42,'129.49,'-0.31%,家电行业
'180,300100.双林股份,'46.74,'-0.95%,20.34%,0.30%,'64.49,'9.17,'267.34,'+136.75%,汽车零部件
'181,688036.传音控股,'90.00,'-0.01%,20.30%,3.33%,'34.09,'5.18,'1026.32,'-3.29%,消费电子
'182,688625.呈和科技,'34.02,'-1.08%,20.29%,1.26%,'25.08,'4.49,'64.07,'+25.81%,化学制品
'183,002947.恒铭达,'43.70,'-2.54%,20.28%,1.37%,'21.90,'3.63,'111.96,'+33.55%,消费电子
'184,002315.焦点科技,'52.66,'+3.11%,20.25%,2.09%,'33.87,'6.28,'167.06,'+28.30%,互联网服务
'185,603288.海天味业,'41.22,'-0.53%,20.25%,2.09%,'36.77,'6.16,'2292.08,'-8.42%,食品饮料
'186,603737.三棵树,'47.93,'-1.50%,20.23%,0.48%,'98.19,'12.02,'353.64,'+58.63%,装修建材
'187,002043.兔宝宝,'10.85,'+0.74%,20.23%,5.55%,'18.25,'2.92,'90.03,'-5.78%,装修建材
'188,301015.百洋医药,'25.92,'-1.82%,20.23%,2.94%,'29.45,'6.28,'136.24,'+11.69%,医药商业
'189,002011.盾安环境,'12.73,'-2.75%,20.16%,'-,'13.84,'2.23,'135.63,'+17.76%,家电行业
'190,002028.思源电气,'96.36,'+10.00%,20.11%,0.52%,'32.99,'5.61,'750.07,'+33.45%,电网设备
'191,605296.神农集团,'32.48,'+1.18%,20.10%,'-,'17.79,'3.33,'170.38,'+17.26%,农牧饲渔
'192,601567.三星医疗,'23.27,'+1.04%,20.10%,3.84%,'14.47,'2.69,'327.00,'-21.35%,电网设备
'193,002014.永新股份,'11.23,'-0.62%,20.06%,5.52%,'15.50,'2.87,'68.78,'+7.92%,包装材料
'194,688411.海博思创,'125.25,'-1.97%,19.99%,0.88%,'37.32,'5.53,'225.57,'+555.57%,电源设备
'195,601717.中创智领,'21.71,'+6.16%,19.94%,5.16%,'10.20,'1.76,'334.80,'+78.47%,汽车零部件
'196,002371.北方华创,'377.84,'+1.43%,19.89%,0.21%,'44.62,'8.07,'2726.51,'+30.77%,半导体
'197,000995.皇台酒业,'14.88,'+0.54%,19.80%,'-,'268.54,'17.78,'26.40,'-9.82%,酿酒行业
'198,603596.伯特利,'46.55,'-2.39%,19.77%,0.75%,'23.51,'4.06,'282.33,'+5.11%,汽车零部件
'199,001395.亚联机械,'55.42,'-3.92%,19.74%,1.12%,'29.79,'4.36,'48.35,'+194.20%,专用设备
'200,301165.锐捷网络,'103.61,'+16.02%,19.73%,0.42%,'98.44,'17.48,'824.17,'+102.71%,通信设备
'201,603530.神马电力,'29.25,'-0.34%,19.70%,1.57%,'39.17,'7.22,'126.27,'+20.41%,电网设备
'202,601168.西部矿业,'19.33,'+3.65%,19.66%,5.17%,'14.84,'2.77,'460.63,'+28.05%,有色金属
'203,000848.承德露露,'8.67,'-0.12%,19.60%,3.46%,'14.64,'2.69,'91.26,'-0.52%,食品饮料
'204,300604.长川科技,'62.50,'+4.60%,19.58%,0.16%,'70.01,'10.42,'394.04,'+41.94%,半导体
'205,301613.新铝时代,'57.50,'+0.91%,19.57%,1.16%,'36.87,'5.36,'82.71,'+51.42%,汽车零部件
'206,601058.赛轮轮胎,'14.43,'+1.83%,19.50%,2.63%,'12.60,'2.31,'474.47,'+2.61%,橡胶制品
'207,300770.新媒股份,'45.92,'-2.71%,19.46%,6.25%,'14.25,'2.81,'105.22,'+15.76%,文化传媒
'208,603871.嘉友国际,'12.29,'+2.42%,19.38%,4.07%,'15.88,'2.91,'168.13,'-8.55%,物流行业
'209,603337.杰克股份,'48.01,'-3.46%,19.37%,1.68%,'28.06,'4.89,'228.73,'+59.63%,专用设备
'210,002997.瑞鹄模具,'40.05,'-2.48%,19.30%,0.75%,'21.59,'3.59,'83.83,'+16.57%,汽车零部件
'211,003013.地铁设计,'15.81,'+1.28%,19.27%,3.04%,'12.90,'2.31,'64.56,'+8.12%,工程咨询服务
'212,600803.新奥股份,'18.76,'-0.21%,19.27%,5.49%,'14.06,'2.51,'581.01,'-8.73%,燃气
'213,000791.甘肃能源,'6.52,'+1.56%,19.27%,2.76%,'16.80,'1.53,'211.50,'+11.25%,电力行业
'214,688697.纽威数控,'14.89,'-0.07%,19.23%,2.88%,'25.79,'4.07,'68.10,'+29.38%,通用设备
'215,002372.伟星新材,'10.69,'-0.83%,19.21%,5.61%,'20.13,'3.72,'170.19,'-11.69%,装修建材
'216,002836.新宏泽,'9.40,'+1.07%,19.18%,2.66%,'34.16,'6.23,'21.66,'+31.22%,造纸印刷
'217,300002.神州泰岳,'13.68,'-0.87%,19.13%,0.73%,'26.47,'3.67,'269.11,'+18.95%,游戏
'218,003000.劲仔食品,'12.56,'+0.24%,19.07%,3.18%,'25.12,'4.01,'56.63,'-6.24%,食品饮料
'219,600436.片仔癀,'207.33,'-0.90%,19.07%,1.43%,'45.60,'8.55,'1250.86,'-2.47%,中药
'220,603811.诚意药业,'14.57,'+3.33%,19.03%,1.72%,'28.74,'3.71,'47.69,'+93.73%,化学制药
'221,301345.涛涛车业,'183.28,'+1.28%,19.01%,1.09%,'34.28,'6.02,'199.10,'+185.82%,交运设备
'222,603283.赛腾股份,'42.55,'+6.14%,19.00%,0.94%,'24.00,'3.75,'118.54,'-13.19%,专用设备
'223,603277.银都股份,'17.42,'+0.11%,19.00%,3.97%,'24.85,'3.63,'106.91,'+11.36%,通用设备
'224,300627.华测导航,'37.57,'-1.96%,18.99%,0.95%,'49.84,'7.79,'295.00,'+27.22%,通信设备
'225,688188.柏楚电子,'156.73,'+2.37%,18.97%,1.31%,'47.92,'7.91,'452.00,'+14.19%,软件开发
'226,600729.重庆百货,'29.34,'-0.10%,18.96%,4.64%,'10.39,'1.69,'129.24,'+5.22%,商业百货
'227,688588.凌志软件,'20.03,'-3.28%,18.91%,1.00%,'36.24,'6.45,'80.12,'+47.04%,软件开发
'228,603262.技源集团,'31.84,'-1.36%,18.80%,'-,'72.82,'12.29,'127.36,'+192.65%,食品饮料
'229,600885.宏发股份,'26.08,'-0.38%,18.76%,1.41%,'23.00,'3.83,'380.70,'+16.64%,电网设备
'230,603338.浙江鼎力,'53.91,'-0.83%,18.75%,1.85%,'14.95,'2.58,'272.97,'-14.53%,工程机械
'231,688082.盛美上海,'158.15,'+2.03%,18.69%,0.41%,'51.75,'8.47,'697.90,'+58.98%,半导体
'232,300881.盛德鑫泰,'35.00,'+2.07%,18.69%,2.86%,'20.65,'3.75,'38.50,'+17.66%,钢铁行业
'233,301187.欧圣电气,'30.56,'-2.83%,18.66%,2.74%,'30.06,'5.17,'77.91,'+27.78%,家电行业
'234,688256.寒武纪-U,'1448.39,'-2.95%,18.63%,'-,'300.00,'89.70,'6059.34,'+120.12%,半导体
'235,688300.联瑞新材,'57.23,'-4.87%,18.63%,0.67%,'55.55,'8.91,'138.19,'+16.68%,非金属材料
'236,603091.众鑫股份,'64.38,'+0.70%,18.61%,1.49%,'23.63,'3.24,'65.82,'+39.52%,家用轻工
'237,000915.华特达因,'33.47,'+0.54%,18.53%,7.47%,'15.54,'2.82,'78.43,'+26.59%,化学制药
'238,002749.国光股份,'16.04,'-0.56%,18.53%,6.25%,'19.98,'3.63,'74.80,'+20.68%,农药兽药
'239,688093.世华科技,'40.50,'-1.82%,18.52%,1.28%,'30.15,'5.04,'106.37,'+101.91%,电子元件
'240,603049.中策橡胶,'47.21,'-0.51%,18.51%,2.75%,'11.98,'1.80,'412.84,'+4.45%,橡胶制品
'241,002895.川恒股份,'27.09,'+0.78%,18.46%,4.00%,'14.98,'2.43,'164.62,'+15.91%,化学原料
'242,600690.海尔智家,'25.95,'-1.18%,18.45%,3.72%,'12.59,'2.12,'1623.04,'-5.56%,家电行业
'243,688501.青达环保,'30.64,'-3.59%,18.44%,0.78%,'23.13,'3.66,'38.06,'+120.36%,专用设备
'244,300124.汇川技术,'75.90,'+1.16%,18.44%,0.54%,'44.10,'6.77,'2045.81,'+30.39%,电子元件
'245,000933.神火股份,'19.28,'-0.15%,18.38%,4.15%,'10.93,'1.94,'433.67,'+17.44%,有色金属
'246,603676.卫信康,'12.55,'+1.78%,18.35%,2.73%,'24.59,'3.67,'54.61,'+28.15%,化学制药
'247,300269.联建光电,'5.40,'+2.66%,18.34%,'-,'-,'35.15,'29.65,'+35.68%,互联网服务
'248,300743.天地数码,'19.62,'-0.76%,18.32%,2.55%,'28.09,'5.00,'29.67,'+32.62%,非金属材料
'249,601138.工业富联,'55.62,'+3.33%,18.32%,1.15%,'41.61,'7.28,'11045.84,'+163.77%,消费电子
'250,300453.三鑫医疗,'9.77,'-1.31%,18.31%,3.07%,'23.35,'3.79,'51.04,'+34.27%,医疗器械
'251,000426.兴业银锡,'23.09,'+8.25%,18.26%,0.30%,'28.36,'4.78,'409.99,'+108.38%,有色金属
'252,603998.方盛制药,'11.86,'+2.07%,18.26%,2.61%,'23.26,'3.18,'52.08,'+16.77%,中药
'253,000911.广农糖业,'7.81,'+2.36%,18.25%,'-,'-,'23.24,'31.26,'+8.47%,食品饮料
'254,002827.高争民爆,'42.91,'+0.94%,18.13%,0.35%,'82.65,'12.45,'118.88,'+70.39%,化学制品
'255,603613.国联股份,'29.59,'+1.47%,18.07%,0.22%,'15.16,'2.51,'213.21,'+11.64%,互联网服务
'256,603325.博隆技术,'98.50,'+0.51%,18.04%,1.14%,'18.74,'3.01,'78.80,'+51.65%,通用设备
'257,603040.新坐标,'66.96,'+1.30%,18.01%,1.34%,'41.31,'6.48,'91.39,'+197.86%,汽车零部件
'258,002209.达意隆,'16.10,'-0.62%,17.97%,0.32%,'22.64,'4.00,'32.04,'+74.25%,专用设备
'259,300776.帝尔激光,'77.30,'+0.28%,17.97%,0.50%,'36.28,'5.70,'211.46,'+22.47%,光伏设备
'260,600769.祥龙电业,'11.13,'+0.36%,17.95%,'-,'300.00,'35.59,'41.73,'+15.82%,工程建设
'261,002130.沃尔核材,'25.98,'-1.81%,17.94%,0.53%,'34.69,'5.54,'327.32,'+3.50%,非金属材料
'262,601600.中国铝业,'7.85,'+0.26%,17.91%,2.76%,'11.16,'1.85,'1037.12,'+8.75%,有色金属
'263,601882.海天精工,'21.00,'+5.00%,17.87%,1.71%,'25.72,'3.98,'109.62,'-2.41%,通用设备
'264,603170.宝立食品,'14.55,'-0.27%,17.86%,2.75%,'25.68,'4.18,'58.20,'-2.62%,食品饮料
'265,600861.北京人力,'20.40,'-1.54%,17.84%,3.43%,'20.90,'1.66,'115.49,'+9.33%,专业服务
'266,603179.新泉股份,'50.30,'+0.70%,17.79%,0.60%,'25.17,'4.11,'245.11,'+18.58%,汽车零部件
'267,605116.奥锐特,'23.24,'+0.17%,17.79%,1.25%,'24.20,'3.89,'94.40,'+11.60%,化学制药
'268,603766.隆鑫通用,'12.58,'-0.47%,17.78%,3.18%,'16.51,'2.74,'258.34,'+42.24%,交运设备
'269,688008.澜起科技,'124.22,'+1.07%,17.76%,0.31%,'79.23,'11.74,'1422.51,'+83.86%,半导体
'270,688183.生益电子,'82.78,'+6.40%,17.70%,0.30%,'90.05,'14.43,'688.58,'+112.61%,电子元件
'271,600160.巨化股份,'39.02,'+0.85%,17.70%,0.59%,'33.60,'5.48,'1053.44,'+63.19%,化学制品
'272,601126.四方股份,'17.06,'-5.80%,17.67%,4.22%,'18.96,'3.17,'142.16,'+5.01%,电网设备
'273,002891.中宠股份,'59.51,'+0.12%,17.67%,0.99%,'40.46,'6.29,'181.13,'+67.68%,农牧饲渔
'274,002607.中公教育,'3.02,0.00%,17.64%,'-,'300.00,'23.69,'186.26,'-11.18%,教育
'275,002871.伟隆股份,'17.90,'-9.91%,17.59%,1.70%,'35.61,'5.37,'45.08,'+90.83%,通用设备
'276,601083.锦江航运,'12.16,'-0.08%,17.58%,3.27%,'10.71,'1.75,'157.36,'+31.00%,航运港口
'277,002069.獐子岛,'4.35,'-0.23%,17.58%,'-,'-,'48.75,'30.93,'+18.53%,农牧饲渔
'278,605016.百龙创园,'21.56,'+1.99%,17.55%,0.68%,'31.54,'5.02,'90.55,'+66.73%,食品饮料
'279,301275.汉朔科技,'57.12,'+0.21%,17.55%,0.27%,'40.47,'6.18,'241.27,'+108.27%,通信设备
'280,603619.中曼石油,'19.44,'-0.66%,17.53%,3.76%,'15.92,'2.15,'89.88,'+1.95%,采掘行业
'281,601137.博威合金,'25.25,'-2.58%,17.50%,1.98%,'14.96,'2.38,'205.39,'+28.04%,有色金属
'282,000429.粤高速Ａ,'11.70,'-1.01%,17.50%,4.47%,'15.68,'2.33,'203.82,'-17.32%,铁路公路
'283,605319.无锡振华,'32.64,'-1.57%,17.49%,1.81%,'19.80,'3.18,'81.62,'+57.04%,汽车零部件
'284,600760.中航沈飞,'64.40,'+1.47%,17.47%,0.60%,'63.87,'10.37,'1825.80,'+28.04%,航天航空
'285,300201.海伦哲,'5.50,'-0.18%,17.45%,0.55%,'25.41,'3.48,'55.50,'+5.13%,工程机械
'286,601601.中国太保,'39.60,'-1.76%,17.38%,2.73%,'8.28,'1.35,'2710.64,'+19.62%,保险
'287,301552.科力装备,'43.10,'+1.89%,17.37%,1.66%,'27.96,'3.54,'41.03,'+4.77%,汽车零部件
'288,601319.中国人保,'8.75,'-2.56%,17.36%,2.06%,'8.27,'1.36,'3106.05,'+17.53%,保险
'289,002550.千红制药,'10.64,'+2.80%,17.35%,1.13%,'47.24,'5.19,'136.17,'+74.51%,化学制药
'290,002837.英维克,'80.16,'+0.20%,17.32%,0.19%,'168.63,'25.80,'776.77,'+159.54%,专用设备
'291,300015.爱尔眼科,'13.30,'-0.75%,17.31%,1.20%,'36.98,'5.72,'1240.28,'+1.68%,医疗服务
'292,603100.川仪股份,'20.74,'-0.48%,17.31%,2.77%,'17.84,'2.36,'106.44,'-1.07%,仪器仪表
'293,600415.小商品城,'22.49,'-0.04%,17.24%,1.47%,'38.15,'6.05,'1233.27,'+70.71%,商业百货
'294,688605.先锋精科,'65.33,'+1.89%,17.21%,0.31%,'64.19,'8.50,'132.21,'-14.74%,半导体
'295,300547.川环科技,'47.49,'-4.64%,17.16%,0.88%,'53.03,'8.31,'103.01,'+74.15%,橡胶制品
'296,002835.同为股份,'18.90,'+1.12%,17.14%,1.69%,'22.80,'3.46,'41.48,'+0.13%,计算机设备
'297,600301.华锡有色,'33.46,'+5.02%,17.12%,'-,'31.34,'4.83,'211.66,'+96.71%,小金属
'298,603360.百傲化学,'26.53,'+0.68%,17.12%,1.62%,'74.98,'11.84,'187.36,'+70.61%,农药兽药
'299,003041.真爱美家,'23.30,'-4.59%,17.11%,1.72%,'52.01,'2.26,'33.55,'-11.88%,纺织服装
'300,300360.炬华科技,'15.87,'-0.69%,17.09%,3.78%,'14.30,'2.00,'81.60,'-2.91%,电网设备
