排名,股票,价,平均ROE,当前ROE,ROE详情,北上持股,扣非PE,PB,股息,A股市值,今年来,行业
'1,600132.重庆啤酒,'55.07,78.19%,64.93%,查看ROE详情,6.24%,'22.42,'16.47,4.36%,'266.52,'-11.18%,酿酒行业
'2,600961.株冶集团,'14.28,54.64%,23.01%,查看ROE详情,0.71%,'15.19,'3.25,'-,'153.21,'+81.45%,有色金属
'3,600809.山西汾酒,'200.60,40.19%,36.95%,查看ROE详情,4.02%,'19.81,'6.82,3.02%,'2447.25,'+12.74%,酿酒行业
'4,600779.水井坊,'47.01,35.32%,26.96%,查看ROE详情,2.24%,'20.25,'4.76,2.06%,'229.18,'-10.15%,酿酒行业
'5,600519.贵州茅台,'1476.10,34.61%,39.34%,查看ROE详情,5.80%,'20.55,'7.75,3.50%,'18484.76,'-1.24%,酿酒行业
'6,002032.苏泊尔,'51.61,32.87%,43.89%,查看ROE详情,4.34%,'20.18,'8.08,5.44%,'413.58,'+1.83%,家电行业
'7,002847.盐津铺子,'75.53,32.21%,36.82%,查看ROE详情,3.32%,'32.74,'9.46,2.12%,'206.03,'+22.19%,食品饮料
'8,300760.迈瑞医疗,'246.48,31.54%,23.56%,查看ROE详情,10.84%,'33.16,'7.65,3.12%,'2988.43,'-2.51%,医疗器械
'9,000568.泸州老窖,'135.85,31.30%,29.68%,查看ROE详情,2.22%,'15.32,'4.30,4.38%,'1999.65,'+13.86%,酿酒行业
'10,688516.奥特维,'42.18,29.89%,20.48%,查看ROE详情,1.15%,'17.64,'3.43,5.83%,'132.95,'+2.16%,光伏设备
'11,603195.公牛集团,'47.09,28.80%,28.78%,查看ROE详情,2.97%,'23.14,'5.79,3.64%,'851.66,'-3.00%,家用轻工
'12,300628.亿联网络,'38.04,28.54%,29.82%,查看ROE详情,3.14%,'20.61,'5.60,4.98%,'481.80,'+2.27%,通信设备
'13,600803.新奥股份,'18.76,28.10%,19.27%,查看ROE详情,3.88%,'14.06,'2.51,5.49%,'581.01,'-8.73%,燃气
'14,300033.同花顺,'397.41,27.87%,29.37%,查看ROE详情,2.29%,'112.16,'31.16,0.75%,'2136.48,'+39.64%,软件开发
'15,603444.吉比特,'460.00,27.86%,20.94%,查看ROE详情,9.68%,'31.20,'6.26,2.17%,'331.39,'+113.30%,游戏
'16,002027.分众传媒,'8.70,27.80%,33.16%,查看ROE详情,5.03%,'25.46,'7.69,3.79%,'1256.47,'+27.33%,文化传媒
'17,603605.珀莱雅,'84.43,27.20%,32.11%,查看ROE详情,11.99%,'20.72,'5.84,1.41%,'334.35,'+1.12%,美容护理
'18,002555.三七互娱,'19.65,27.00%,21.90%,查看ROE详情,6.01%,'16.08,'3.34,5.09%,'434.70,'+30.63%,游戏
'19,688036.传音控股,'90.00,26.42%,20.30%,查看ROE详情,2.82%,'34.09,'5.18,3.33%,'1026.32,'-3.29%,消费电子
'20,601225.陕西煤业,'20.33,26.11%,21.88%,查看ROE详情,2.48%,'11.46,'2.22,6.63%,'1970.99,'-7.10%,煤炭行业
'21,300394.天孚通信,'222.16,26.02%,38.79%,查看ROE详情,2.31%,'112.14,'36.85,0.32%,'1727.11,'+242.33%,通信设备
'22,603198.迎驾贡酒,'45.15,25.74%,25.38%,查看ROE详情,1.12%,'15.75,'3.70,3.32%,'361.20,'-13.14%,酿酒行业
'23,603288.海天味业,'41.22,25.44%,20.25%,查看ROE详情,3.52%,'36.77,'6.16,2.09%,'2292.08,'-8.42%,食品饮料
'24,000895.双汇发展,'25.61,25.00%,24.14%,查看ROE详情,1.81%,'18.50,'4.26,8.04%,'887.30,'+4.15%,食品饮料
'25,002690.美亚光电,'20.26,24.85%,27.89%,查看ROE详情,5.87%,'27.12,'7.12,3.46%,'178.74,'+42.41%,专用设备
'26,000858.五粮液,'128.87,24.69%,23.83%,查看ROE详情,3.08%,'15.50,'3.56,4.46%,'5002.23,'-3.70%,酿酒行业
'27,002372.伟星新材,'10.69,24.03%,19.21%,查看ROE详情,3.23%,'20.13,'3.72,5.61%,'170.19,'-11.69%,装修建材
'28,000651.格力电器,'41.41,23.89%,25.64%,查看ROE详情,6.82%,'7.69,'1.71,7.24%,'2319.54,'-2.81%,家电行业
'29,601100.恒立液压,'91.30,23.54%,17.08%,查看ROE详情,7.65%,'49.07,'7.47,0.77%,'1224.17,'+74.75%,工程机械
'30,002043.兔宝宝,'10.85,23.51%,20.23%,查看ROE详情,0.76%,'18.25,'2.92,5.55%,'90.03,'-5.78%,装修建材
'31,603129.春风动力,'272.00,23.26%,28.91%,查看ROE详情,3.88%,'24.34,'6.13,1.42%,'415.01,'+76.96%,交运设备
'32,002475.立讯精密,'45.27,23.25%,21.77%,查看ROE详情,4.73%,'26.62,'4.39,0.44%,'3282.99,'+11.69%,消费电子
'33,600563.法拉电子,'120.00,23.23%,22.22%,查看ROE详情,7.06%,'24.12,'4.99,1.67%,'270.00,'+2.84%,电子元件
'34,603369.今世缘,'42.90,23.03%,20.72%,查看ROE详情,2.75%,'16.94,'3.30,2.80%,'534.88,'-2.48%,酿酒行业
'35,600436.片仔癀,'207.33,22.92%,19.07%,查看ROE详情,3.19%,'45.60,'8.55,1.43%,'1250.86,'-2.47%,中药
'36,603360.百傲化学,'26.53,22.85%,17.12%,查看ROE详情,0.34%,'74.98,'11.84,1.62%,'187.36,'+70.61%,农药兽药
'37,000333.美的集团,'74.03,22.33%,22.97%,查看ROE详情,14.64%,'13.60,'2.63,4.73%,'5200.41,'+3.17%,家电行业
'38,300866.安克创新,'145.05,22.11%,27.84%,查看ROE详情,8.93%,'37.33,'8.51,1.44%,'777.70,'+50.83%,消费电子
'39,300832.新产业,'62.52,22.02%,21.26%,查看ROE详情,2.83%,'31.11,'5.91,2.08%,'491.23,'-9.75%,医疗器械
'40,603568.伟明环保,'19.35,22.00%,20.91%,查看ROE详情,1.31%,'12.51,'2.37,2.48%,'329.83,'-8.32%,环保行业
'41,603855.华荣股份,'20.61,21.99%,24.13%,查看ROE详情,3.20%,'15.22,'3.50,4.85%,'69.56,'+6.62%,专用设备
'42,300415.伊之密,'25.05,21.96%,22.85%,查看ROE详情,2.80%,'18.40,'3.84,2.00%,'117.37,'+27.93%,专用设备
'43,000848.承德露露,'8.67,21.83%,19.60%,查看ROE详情,1.79%,'14.64,'2.69,3.46%,'91.26,'-0.52%,食品饮料
'44,300124.汇川技术,'75.90,21.52%,18.44%,查看ROE详情,17.60%,'44.10,'6.77,0.54%,'2045.81,'+30.39%,电子元件
'45,300724.捷佳伟创,'108.12,21.46%,30.52%,查看ROE详情,2.41%,'12.26,'3.01,1.11%,'375.95,'+74.95%,光伏设备
'46,002415.海康威视,'31.15,21.09%,16.51%,查看ROE详情,0.44%,'23.85,'3.66,2.25%,'2876.14,'+3.98%,计算机设备
'47,300770.新媒股份,'45.92,21.03%,19.46%,查看ROE详情,1.08%,'14.25,'2.81,6.25%,'105.22,'+15.76%,文化传媒
'48,603899.晨光股份,'30.86,20.97%,15.77%,查看ROE详情,3.13%,'25.19,'3.33,3.25%,'284.21,'+5.61%,家用轻工
'49,002833.弘亚数控,'17.29,20.90%,16.23%,查看ROE详情,2.00%,'17.44,'2.52,4.05%,'73.35,'+5.25%,专用设备
'50,000596.古井贡酒,'170.40,20.83%,23.42%,查看ROE详情,1.26%,'16.25,'3.58,3.52%,'696.25,'+2.60%,酿酒行业
'51,002463.沪电股份,'69.80,20.82%,27.40%,查看ROE详情,6.41%,'43.62,'10.54,0.72%,'1342.94,'+78.89%,电子元件
'52,002158.汉钟精机,'25.50,20.53%,16.51%,查看ROE详情,0.77%,'21.16,'3.18,2.27%,'136.35,'+42.26%,通用设备
'53,600845.宝信软件,'25.63,20.52%,15.63%,查看ROE详情,3.11%,'47.02,'6.95,2.36%,'550.26,'-10.31%,互联网服务
'54,002056.横店东磁,'18.54,20.37%,22.84%,查看ROE详情,3.04%,'14.07,'2.89,2.44%,'301.59,'+47.89%,光伏设备
'55,002884.凌霄泵业,'17.11,20.37%,21.41%,查看ROE详情,0.94%,'13.98,'2.79,5.84%,'61.20,'-0.46%,通用设备
'56,002318.久立特材,'22.37,20.30%,22.41%,查看ROE详情,4.57%,'13.20,'2.82,4.34%,'218.59,'-0.59%,钢铁行业
'57,603279.景津装备,'15.69,19.91%,15.83%,查看ROE详情,3.81%,'12.64,'1.96,6.76%,'90.45,'-10.04%,通用设备
'58,603298.杭叉集团,'24.87,19.68%,21.42%,查看ROE详情,4.11%,'15.53,'3.00,2.01%,'325.75,'+42.71%,工程机械
'59,600887.伊利股份,'28.27,19.63%,15.28%,查看ROE详情,10.60%,'23.21,'3.35,4.32%,'1788.18,'-2.39%,食品饮料
'60,002595.豪迈科技,'59.59,19.50%,21.73%,查看ROE详情,3.29%,'22.28,'4.29,1.30%,'476.72,'+19.55%,专用设备
'61,603338.浙江鼎力,'53.91,19.29%,18.75%,查看ROE详情,6.77%,'14.95,'2.58,1.85%,'272.97,'-14.53%,工程机械
'62,300638.广和通,'32.35,19.26%,16.19%,查看ROE详情,0.62%,'63.44,'6.93,1.08%,'247.62,'+62.66%,通信设备
'63,600989.宝丰能源,'17.57,19.18%,20.65%,查看ROE详情,2.76%,'14.57,'2.88,1.59%,'1288.47,'+7.11%,化学原料
'64,000915.华特达因,'33.47,18.99%,18.53%,查看ROE详情,3.15%,'15.54,'2.82,7.47%,'78.43,'+26.59%,化学制药
'65,002867.周大生,'13.86,18.94%,16.01%,查看ROE详情,0.93%,'15.29,'2.41,6.92%,'150.45,'-0.05%,珠宝首饰
'66,300015.爱尔眼科,'13.30,18.89%,17.31%,查看ROE详情,2.07%,'36.98,'5.72,1.20%,'1240.28,'+1.68%,医疗服务
'67,603596.伯特利,'46.55,18.53%,19.77%,查看ROE详情,6.34%,'23.51,'4.06,0.75%,'282.33,'+5.11%,汽车零部件
'68,600760.中航沈飞,'64.40,18.43%,17.47%,查看ROE详情,1.28%,'63.87,'10.37,0.60%,'1825.80,'+28.04%,航天航空
'69,600729.重庆百货,'29.34,18.06%,18.96%,查看ROE详情,2.83%,'10.39,'1.69,4.64%,'129.24,'+5.22%,商业百货
'70,300776.帝尔激光,'77.30,17.95%,17.97%,查看ROE详情,0.76%,'36.28,'5.70,0.50%,'211.46,'+22.47%,光伏设备
'71,300453.三鑫医疗,'9.77,17.73%,18.31%,查看ROE详情,'-,'23.35,'3.79,3.07%,'51.04,'+34.27%,医疗器械
'72,600885.宏发股份,'26.08,17.58%,18.76%,查看ROE详情,20.32%,'23.00,'3.83,1.41%,'380.70,'+16.64%,电网设备
'73,300627.华测导航,'37.57,17.56%,18.99%,查看ROE详情,0.77%,'49.84,'7.79,0.95%,'295.00,'+27.22%,通信设备
'74,002014.永新股份,'11.23,17.35%,20.06%,查看ROE详情,0.54%,'15.50,'2.87,5.52%,'68.78,'+7.92%,包装材料
'75,002050.三花智控,'31.89,17.28%,15.69%,查看ROE详情,4.72%,'37.27,'4.62,1.10%,'1190.26,'+36.92%,家电行业
'76,002262.恩华药业,'25.02,17.27%,16.86%,查看ROE详情,0.75%,'21.02,'3.31,1.44%,'254.15,'+4.45%,化学制药
'77,600690.海尔智家,'25.95,17.01%,18.45%,查看ROE详情,7.19%,'12.59,'2.12,3.72%,'1623.04,'-5.56%,家电行业
'78,601138.工业富联,'55.62,17.00%,18.32%,查看ROE详情,2.47%,'41.61,'7.28,1.15%,'11045.84,'+163.77%,消费电子
'79,002003.伟星股份,'10.74,16.28%,15.08%,查看ROE详情,2.41%,'19.33,'2.86,4.66%,'125.54,'-22.21%,纺织服装
'80,600406.国电南瑞,'21.60,15.86%,16.68%,查看ROE详情,13.56%,'22.92,'3.56,2.64%,'1734.93,'-12.69%,电网设备
